"Year","Forecast"
2022,23.5915887133204
2023,23.0593447942291
2024,22.7389945467782
2025,21.1380897972581
2026,20.3658707930411
